1.5,-4.4779044697555E-8
1.500090909090909,-3.374116726473038E-8
1.500181818181818,-3.253101394911079E-7
1.500272727272727,-8.84342010832469E-7
1.500363636363636,-1.655675188407187E-6
1.500454545454546,-2.570708411075189E-6
1.500545454545455,-3.554339987640711E-6
1.500636363636364,-4.531601662602923E-6
1.500727272727273,-5.433456197815562E-6
1.500818181818182,-6.201391510478005E-6
1.500909090909091,-6.790611612367783E-6
1.501,-7.171776991930088E-6
1.501090909090909,-7.331379181279028E-6
1.501181818181818,-7.270929853683838E-6
1.501272727272727,-7.005209882290939E-6
1.501363636363637,-6.559854001642309E-6
1.501454545454545,-5.968549589342775E-6
1.501545454545455,-5.270107018734387E-6
1.501636363636364,-4.505622409166894E-6
1.501727272727273,-3.715907114633233E-6
1.501818181818182,-2.939306552232599E-6
1.501909090909091,-2.20998288370082E-6
1.502,-1.55669007817168E-6
1.502090909090909,-1.002031296689193E-6
1.502181818181818,-5.621609987286724E-7
1.502272727272727,-2.468710207348681E-7
1.502363636363636,-5.998928075658034E-8
1.502454545454546,-1.333954184485211E-11
1.502545454545455,-6.090344681402956E-8
1.502636363636364,-2.329636517331298E-7
1.502727272727273,-5.037498890483504E-7
1.502818181818182,-8.589541121659951E-7
1.502909090909091,-1.283224554482139E-6
1.503,-1.760894828999859E-6
1.503090909090909,-2.276603694738317E-6
1.503181818181818,-2.815797408014692E-6
1.503272727272727,-3.365114284398914E-6
1.503363636363637,-3.912656137575984E-6
1.503454545454545,-4.448157354880679E-6
1.503545454545455,-4.963063167234614E-6
1.503636363636364,-5.450532235388627E-6
1.503727272727273,-5.905377766495165E-6
1.503818181818182,-6.323961796493687E-6
1.503909090909091,-6.704055966210852E-6
1.504,-7.044680693843044E-6
1.504090909090909,-7.345933352877217E-6
1.504181818181818,-7.608813623333221E-6
1.504272727272727,-7.835053200129442E-6
1.504363636363636,-8.02695471159851E-6
1.504454545454546,-8.18724368092142E-6
1.504545454545455,-8.318935742208317E-6
1.504636363636364,-8.42522012235883E-6
1.504727272727273,-8.509360197318889E-6
1.504818181818182,-8.574609999310188E-6
1.504909090909091,-8.624146247365559E-6
1.505,-8.66101418515398E-6
1.505090909090909,-8.688085971506178E-6
1.505181818181818,-8.708029507420252E-6
1.505272727272727,-8.723286336465739E-6
1.505363636363637,-8.736056720782687E-6
1.505454545454545,-8.74829024704369E-6
1.505545454545455,-8.761680389553634E-6
1.505636363636364,-8.7776620319202E-6
1.505727272727273,-8.797410292020237E-6
1.505818181818182,-8.821839922190342E-6
1.505909090909091,-8.851604362740217E-6
1.506,-8.887093968550822E-6
1.506090909090909,-8.928432540377178E-6
1.506181818181818,-8.975472308397245E-6
1.506272727272727,-9.027787070992894E-6
1.506363636363636,-9.084663664270957E-6
1.506454545454546,-9.145091968691529E-6
1.506545454545455,-9.207754153872392E-6
1.506636363636364,-9.271013694363844E-6
1.506727272727273,-9.332905689198898E-6
1.506818181818182,-9.39112882948884E-6
1.506909090909091,-9.443041476967339E-6
1.507,-9.485663125440475E-6
1.507090909090909,-9.515683245169929E-6
1.507181818181818,-9.529480151496257E-6
1.507272727272727,-9.523151954625371E-6
1.507363636363637,-9.492562629669711E-6
1.507454545454545,-9.433405278810295E-6
1.507545454545455,-9.3412856338248E-6
1.507636363636364,-9.211828062737667E-6
1.507727272727273,-9.040806014055803E-6
1.507818181818182,-8.824297666649219E-6
1.507909090909091,-8.558868070202715E-6
1.508,-8.241776008082845E-6
1.508090909090909,-7.87120373200069E-6
1.508181818181818,-7.446504513374752E-6
1.508272727272727,-6.968462555616713E-6
1.508363636363636,-6.439554568031348E-6
1.508454545454546,-5.864202487679604E-6
1.508545454545455,-5.249001815781574E-6
1.508636363636364,-4.602908112910362E-6
1.508727272727273,-3.937361486582628E-6
1.508818181818182,-3.266327155656293E-6
1.508909090909091,-2.606227943625648E-6
1.509,-1.975746576633168E-6
1.509090909090909,-1.395474791278416E-6
1.509181818181818,-8.873921782670179E-7
1.509272727272727,-4.741621787185133E-7
1.509363636363637,-1.782415287976861E-7
1.509454545454545,-2.081167280671134E-8
1.509545454545455,-2.055330440467715E-8
1.509636363636364,-1.923025694809138E-7
1.509727272727273,-5.456463955041587E-7
1.509818181818182,-1.083531222101727E-6
1.509909090909091,-1.800981094436363E-6
1.51,-2.68403471166987E-6
1.510090909090909,-3.709023689629978E-6
1.510181818181818,-4.842319473122345E-6
1.510272727272727,-6.040671280780552E-6
1.510363636363636,-7.252240419868526E-6
1.510454545454546,-8.41840803531521E-6
1.510545454545455,-9.476386078719018E-6
1.510636363636364,-1.036260344434082E-5
1.510727272727273,-1.101676503314519E-5
1.510818181818182,-1.138639898608486E-5
1.510909090909091,-1.143162148251107E-5
1.511,-1.112976428610822E-5
1.511090909090909,-1.047944213042427E-5
1.511181818181818,-9.50359245488257E-6
1.511272727272727,-8.251012520442275E-6
1.511363636363637,-6.795958227328969E-6
1.511454545454545,-5.235465948973497E-6
1.511545454545455,-3.68421407681947E-6
1.511636363636364,-2.266955035042669E-6
1.511727272727273,-1.108811931269789E-6
1.511818181818182,-3.240252125832939E-7
1.511909090909091,-4.027866609780386E-9
1.512,-2.059872500573344E-7
1.512090909090909,-9.431319911711067E-7
1.512181818181818,-2.178246954408334E-6
1.512272727272727,-3.821622137683475E-6
1.512363636363636,-5.734463667686632E-6
1.512454545454546,-7.738300209589545E-6
1.512545454545455,-9.630272380154128E-6
1.512636363636364,-1.120341748142276E-5
1.512727272727273,-1.227023999685933E-5
1.512818181818182,-1.268709548859812E-5
1.512909090909091,-1.237634303883713E-5
1.513,-1.134296070070028E-5
1.513090909090909,-9.68249245009395E-6
1.513181818181818,-7.577869947417823E-6
1.513272727272727,-5.283839042632034E-6
1.513363636363637,-3.099345400174384E-6
1.513454545454545,-1.330129041906793E-6
1.513545454545455,-2.456881250057947E-7
1.513636363636364,-3.638341490114362E-8
1.513727272727273,-7.774173796889156E-7
1.513818181818182,-2.406435009582855E-6
1.513909090909091,-4.720345545568052E-6
1.514,-7.394617085270292E-6
1.514090909090909,-1.002493033620468E-5
1.514181818181818,-1.218710510538113E-5
1.514272727272727,-1.350726534989824E-5
1.514363636363636,-1.37310514269836E-5
1.514454545454546,-1.27791001551258E-5
1.514545454545455,-1.07766289279669E-5
1.514636363636364,-8.048091408579697E-6
1.514727272727273,-5.073373216010058E-6
1.514818181818182,-2.409175943168848E-6
1.514909090909091,-5.868946075824181E-7
1.515,-4.863599080869371E-9
1.515090909090909,-8.366707599652995E-7
1.515181818181818,-2.976954550911698E-6
1.515272727272727,-6.040990368021958E-6
1.515363636363637,-9.424732076566012E-6
1.515454545454545,-1.241922649510899E-5
1.515545454545455,-1.435993714997279E-5
1.515636363636364,-1.478062025656444E-5
1.515727272727273,-1.353611512039092E-5
1.515818181818182,-1.086105649352235E-5
1.515909090909091,-7.342810658054753E-6
1.516,-3.805481161194176E-6
1.516090909090909,-1.124029268989517E-6
1.516181818181818,-8.13947686713925E-9
1.516272727272727,-8.086097655925679E-7
1.516363636363636,-3.399900270540356E-6
1.516454545454546,-7.178743667645683E-6
1.516545454545455,-1.119185702644392E-5
1.516636363636364,-1.43713316540072E-5
1.516727272727273,-1.582299136554311E-5
1.516818181818182,-1.509090328252099E-5
1.516909090909091,-1.231870479181461E-5
1.517,-8.249358135420086E-6
1.517090909090909,-4.046609220125414E-6
1.517181818181818,-9.740485627076112E-7
1.517272727272727,-1.626815617484992E-8
1.517363636363637,-1.554943464012528E-6
1.517454545454545,-5.208396345203672E-6
1.517545454545455,-9.90277717019926E-6
1.517636363636364,-1.417454599147991E-5
1.517727272727273,-1.662652600383407E-5
1.517818181818182,-1.639879851387874E-5
1.517909090909091,-1.349483945282351E-5
1.518,-8.835809052173205E-6
1.518090909090909,-3.997870659319089E-6
1.518181818181818,-6.96125423058385E-7
1.518272727272727,-1.779484103624412E-7
1.518363636363636,-2.739773873085602E-6
1.518454545454546,-7.558526672530951E-6
1.518545454545455,-1.293033502630041E-5
1.518636363636364,-1.686269838943243E-5
1.518727272727273,-1.782300416606598E-5
1.518818181818182,-1.536379111039317E-5
1.518909090909091,-1.036501359806892E-5
1.519,-4.761450667799766E-6
1.519090909090909,-8.208127649464611E-7
1.519181818181818,-2.314454062918287E-7
1.519272727272727,-3.365129582501697E-6
1.519363636363637,-9.043050614823496E-6
1.519454545454545,-1.494906814416606E-5
1.519545454545455,-1.856610555525387E-5
1.519636363636364,-1.826772837603213E-5
1.519727272727273,-1.409106138811344E-5
1.519818181818182,-7.81500342759389E-6
1.519909090909091,-2.249664764760724E-6
1.52,-1.298302998064093E-10
1.520090909090909,-2.240178143081365E-6
1.520181818181818,-8.078318575775712E-6
1.520272727272727,-1.486894107829339E-5
1.520363636363636,-1.939447113228717E-5
1.520454545454546,-1.940815910339931E-5
1.520545454545455,-1.479951320042355E-5
1.520636363636364,-7.765973249922678E-6
1.520727272727273,-1.824333946643236E-6
1.520818181818182,-7.884926881322863E-8
1.520909090909091,-3.589137775300604E-6
1.521,-1.070512395819579E-5
1.521090909090909,-1.779851048114035E-5
1.521181818181818,-2.110503126873346E-5
1.521272727272727,-1.875988201499029E-5
1.521363636363637,-1.19204946793542E-5
1.521454545454545,-4.282112650705706E-6
1.521545454545455,-1.368791432607445E-7
1.521636363636364,-1.970697972894035E-6
1.521727272727273,-8.9451357394952E-6
1.521818181818182,-1.721287692864777E-5
1.521909090909091,-2.201760029141208E-5
1.522,-2.046340957008767E-5
1.522090909090909,-1.334148617972839E-5
1.522181818181818,-4.837576636791037E-6
1.522272727272727,-1.451789412775825E-7
1.522363636363636,-2.30993823801071E-6
1.522454545454546,-1.022313844297171E-5
1.522545454545455,-1.911439960488242E-5
1.522636363636364,-2.340762128472684E-5
1.522727272727273,-2.026707007430636E-5
1.522818181818182,-1.157357520537482E-5
1.522909090909091,-2.920754469917843E-6
1.523,-8.900551429571779E-8
1.523090909090909,-5.186187372496477E-6
1.523181818181818,-1.504586827706379E-5
1.523272727272727,-2.313476856952907E-5
1.523363636363637,-2.389365892081118E-5
1.523454545454545,-1.665184158208303E-5
1.523545454545455,-6.330758195442976E-6
1.523636363636364,-2.186199795419922E-7
1.523727272727273,-2.863981443270236E-6
1.523818181818182,-1.26593180276731E-5
1.523909090909091,-2.272518856262595E-5
1.524,-2.572983056757329E-5
1.524090909090909,-1.93172607041535E-5
1.524181818181818,-8.10545390007969E-6
1.524272727272727,-5.132361105960633E-7
1.524363636363636,-2.504221854577231E-6
1.524454545454546,-1.28767276866681E-5
1.524545454545455,-2.387020153873132E-5
1.524636363636364,-2.695641446472778E-5
1.524727272727273,-1.955748613076608E-5
1.524818181818182,-7.375399682184605E-6
1.524909090909091,-1.713669161224482E-7
1.525,-4.01292416247009E-6
1.525090909090909,-1.613154211853241E-5
1.525181818181818,-2.681658812030939E-5
1.525272727272727,-2.720744747076289E-5
1.525363636363637,-1.678821596087578E-5
1.525454545454545,-4.196736878033882E-6
1.525545454545455,-2.368934488610922E-7
1.525636363636364,-8.648304563452358E-6
1.525727272727273,-2.253942701772136E-5
1.525818181818182,-2.99690075184033E-5
1.525909090909091,-2.429311055728799E-5
1.526,-1.032572172099621E-5
1.526090909090909,-5.07831332719149E-7
1.526181818181818,-3.954716509553076E-6
1.526272727272727,-1.79758818314643E-5
1.526363636363636,-3.004386155544809E-5
1.526454545454546,-2.901065379174954E-5
1.526545454545455,-1.560968381512757E-5
1.526636363636364,-2.274486223377782E-6
1.526727272727273,-1.808412969211431E-6
1.526818181818182,-1.511977804597011E-5
1.526909090909091,-2.983557879481123E-5
1.527,-3.178963012977623E-5
1.527090909090909,-1.885444613914323E-5
1.527181818181818,-3.557129984079874E-6
1.527272727272727,-1.211172563136846E-6
1.527363636363637,-1.465041832521302E-5
1.527454545454545,-3.083409115359664E-5
1.527545454545455,-3.347861312152999E-5
1.527636363636364,-1.965340833598123E-5
1.527727272727273,-3.374733387945853E-6
1.527818181818182,-1.697069644595377E-6
1.527909090909091,-1.692126694032295E-5
1.528,-3.354395651851386E-5
1.528090909090909,-3.404591603787667E-5
1.528181818181818,-1.762305622209251E-5
1.528272727272727,-1.749752574144346E-6
1.528363636363636,-3.896628886399335E-6
1.528454545454546,-2.235799834498577E-5
1.528545454545455,-3.734546827542852E-5
1.528636363636364,-3.226942128081591E-5
1.528727272727273,-1.246724480779245E-5
1.528818181818182,-7.928442351908807E-8
1.528909090909091,-9.569352621550328E-6
1.529,-3.085280251804816E-5
1.529090909090909,-3.99165962648482E-5
1.529181818181818,-2.612055419638943E-5
1.529272727272727,-5.177178438565381E-6
1.529363636363637,-1.738683475156974E-6
1.529454545454545,-2.055747888338737E-5
1.529545454545455,-4.000912700018083E-5
1.529636363636364,-3.698539621254704E-5
1.529727272727273,-1.476535757300275E-5
1.529818181818182,-9.480897935055218E-8
1.529909090909091,-1.137608037597875E-5
1.53,-3.56407628546411E-5
1.530090909090909,-4.337770697618637E-5
1.530181818181818,-2.473103659555547E-5
1.530272727272727,-2.684809981769317E-6
1.530363636363636,-5.300059014221468E-6
1.530454545454546,-3.01783347755448E-5
1.530545454545455,-4.631120835730644E-5
1.530636363636364,-3.293307385712567E-5
1.530727272727273,-6.891223115245384E-6
1.530818181818182,-2.145293005866775E-6
1.530909090909091,-2.58064192613787E-5
1.531,-4.765320706641206E-5
1.531090909090909,-3.886791618106791E-5
1.531181818181818,-1.069335759312107E-5
1.531272727272727,-8.837755946574662E-7
1.531363636363637,-2.356796342413896E-5
1.531454545454545,-4.902719967813438E-5
1.531545454545455,-4.273824382552686E-5
1.531636363636364,-1.285888107512739E-5
1.531727272727273,-5.989947062903229E-7
1.531818181818182,-2.394005005843615E-5
1.531909090909091,-5.142330710363866E-5
1.532,-4.467483421978825E-5
1.532090909090909,-1.273059653929197E-5
1.532181818181818,-9.96205296012632E-7
1.532272727272727,-2.732841700002463E-5
1.532363636363636,-5.507643545489153E-5
1.532454545454546,-4.42910219655287E-5
1.532545454545455,-1.011802008004185E-5
1.532636363636364,-2.681816405146877E-6
1.532727272727273,-3.420154143011691E-5
1.532818181818182,-5.926553783929497E-5
1.532909090909091,-4.059680917385772E-5
1.533,-5.568189654826195E-6
1.533090909090909,-7.293513045918152E-6
1.533181818181818,-4.468968137133336E-5
1.533272727272727,-6.196883554421868E-5
1.533363636363637,-3.244420522417624E-5
1.533454545454545,-1.059792610010385E-6
1.533545454545455,-1.721394184017205E-5
1.533636363636364,-5.752387806446545E-5
1.533727272727273,-5.975046219262758E-5
1.533818181818182,-1.984165676789311E-5
1.533909090909091,-7.251481941673744E-7
1.534,-3.422673450284189E-5
1.534090909090909,-6.857628056761744E-5
1.534181818181818,-4.88403099334648E-5
1.534272727272727,-6.186555450591004E-6
1.534363636363636,-1.037263429169618E-5
1.534454545454546,-5.658431958883876E-5
1.534545454545455,-7.037836866690593E-5
1.534636363636364,-2.857723133654852E-5
1.534727272727273,-6.577636233089925E-8
1.534818181818182,-3.385991564249772E-5
1.534909090909091,-7.556605905716422E-5
1.535,-5.54542981106493E-5
1.535090909090909,-6.737456702701418E-6
1.535181818181818,-1.285081028801468E-5
1.535272727272727,-6.577753209728422E-5
1.535363636363637,-7.61844135017888E-5
1.535454545454545,-2.553098729325088E-5
1.535545454545455,-1.400667406094833E-6
1.535636363636364,-4.794240039144533E-5
1.535727272727273,-8.61019627209327E-5
1.535818181818182,-4.885390706510247E-5
1.535909090909091,-1.252074132713098E-6
1.536,-2.930173665947749E-5
1.536090909090909,-8.591427317189868E-5
1.536181818181818,-7.059791065956471E-5
1.536272727272727,-9.99845570798148E-6
1.536363636363636,-1.45210234654068E-5
1.536454545454546,-7.910247776686648E-5
1.536545454545455,-8.770414820948989E-5
1.536636363636364,-2.376190080828171E-5
1.536727272727273,-5.238347521550146E-6
1.536818181818182,-6.955239918285778E-5
1.536909090909091,-9.980392023488193E-5
1.537,-3.904754866368533E-5
1.537090909090909,-9.252742559690462E-7
1.537181818181818,-6.028051456120501E-5
1.537272727272727,-1.081264412222579E-4
1.537363636363637,-5.347483782420272E-5
1.537454545454545,-9.935859344870581E-9
1.537545454545455,-5.315548413263663E-5
1.537636363636364,-1.144782076157939E-4
1.537727272727273,-6.571932536585868E-5
1.537818181818182,-7.289865421408763E-7
1.537909090909091,-4.918313786528965E-5
1.538,-1.205818052481749E-4
1.538090909090909,-7.510016786601897E-5
1.538181818181818,-1.615058544972339E-6
1.538272727272727,-4.897339262447298E-5
1.538363636363636,-1.277307164007113E-4
1.538454545454546,-8.111737444099271E-5
1.538545454545455,-1.747217799322739E-6
1.538636363636364,-5.316346090455005E-5
1.538727272727273,-1.365912872560532E-4
1.538818181818182,-8.309976750394894E-5
1.538909090909091,-9.432173269379734E-7
1.539,-6.268028293887287E-5
1.539090909090909,-1.46985668609861E-4
1.539181818181818,-8.006018559964214E-5
1.539272727272727,-3.08243206315737E-8
1.539363636363637,-7.874477528991104E-5
1.539454545454545,-1.575620643698295E-4
1.539545454545455,-7.087362401712428E-5
1.539636363636364,-1.23278724758228E-6
1.539727272727273,-1.02474152066773E-4
1.539818181818182,-1.653967940738875E-4
1.539909090909091,-5.495008593056555E-5
1.54,-8.517728294533884E-6
1.540090909090909,-1.338978063313343E-4
1.540181818181818,-1.658073963630502E-4
1.540272727272727,-3.356553561839439E-5
1.540363636363636,-2.747998895389416E-5
1.540454545454546,-1.703041946924674E-4
1.540545454545455,-1.52987946081817E-4
1.540636363636364,-1.176598360277854E-5
1.540727272727273,-6.397281040807523E-5
1.540818181818182,-2.042874632260671E-4
1.540909090909091,-1.223521867274454E-4
1.541,-5.893580602295761E-8
1.541090909090909,-1.206254353392916E-4
1.541181818181818,-2.228280621270841E-4
1.541272727272727,-7.52191812196125E-5
1.541363636363637,-1.392485507099273E-5
1.541454545454545,-1.911754247677481E-4
1.541545454545455,-2.099843332765628E-4
1.541636363636364,-2.491635817964251E-5
1.541727272727273,-6.817908985006006E-5
1.541818181818182,-2.550203159361324E-4
1.541909090909091,-1.560547822284829E-4
1.542,-1.45171303308558E-10
1.542090909090909,-1.642972540919022E-4
1.542181818181818,-2.783543991639282E-4
1.542272727272727,-7.290230512172932E-5
1.542363636363636,-3.651084969524734E-5
1.542454545454546,-2.746886212960754E-4
1.542545454545455,-2.305201498262982E-4
1.542636363636364,-6.397917611214354E-6
1.542727272727273,-1.523161034637535E-4
1.542818181818182,-3.387793000613153E-4
1.542909090909091,-1.174944584432228E-4
1.543,-2.600429257806112E-5
1.543090909090909,-3.107357137450434E-4
1.543181818181818,-2.929696808844656E-4
1.543272727272727,-1.242148246852263E-5
1.543363636363637,-1.733421337896135E-4
1.543454545454545,-4.083023517421988E-4
1.543545454545455,-1.397732424610145E-4
1.543636363636364,-3.60545245924883E-5
1.543727272727273,-3.876965370786929E-4
1.543818181818182,-3.37057943301242E-4
1.543909090909091,-6.368473088639898E-6
1.544,-2.50118672210994E-4
1.544090909090909,-4.918564265716328E-4
1.544181818181818,-1.219755834023198E-4
1.544272727272727,-8.68269712152486E-5
1.544363636363636,-5.227792522359461E-4
1.544454545454546,-3.377746086717374E-4
1.544545454545455,-1.438357780874472E-6
1.544636363636364,-4.199768743213562E-4
1.544727272727273,-5.608425898707959E-4
1.544818181818182,-5.605618321641327E-5
1.544909090909091,-2.404050229621308E-4
1.545,-7.016247474115667E-4
1.545090909090909,-2.494854364002513E-4
1.545181818181818,-7.320398452091826E-5
1.545272727272727,-7.117605489530823E-4
1.545363636363637,-5.283775719607681E-4
1.545454545454545,-1.426507841256194E-7
1.545545454545455,-5.957975786866716E-4
1.545636363636364,-8.162386198230152E-4
1.545727272727273,-6.948704751247405E-5
1.545818181818182,-4.004785219335979E-4
1.545909090909091,-0.001042859266472144
1.546,-2.891509618826517E-4
1.546090909090909,-1.933842056523539E-4
1.546181818181818,-0.001163144725168768
1.546272727272727,-6.350850538678884E-4
1.546363636363636,-4.245144008619016E-5
1.546454545454546,-0.001162681213833197
1.546545454545455,-0.001066817813773434
1.546636363636364,-3.214726902835115E-6
1.546727272727273,-0.001053200012007949
1.546818181818182,-0.001542914459714002
1.546909090909091,-1.155886485778103E-4
1.547,-8.632304494726598E-4
1.547090909090909,-0.002032269434996851
1.547181818181818,-4.089116853011356E-4
1.547272727272727,-6.28661302434941E-4
1.547363636363637,-0.002520355845489865
1.547454545454545,-9.134028247866306E-4
1.547545454545455,-3.863023392335429E-4
1.547636363636364,-0.00301170661794053
1.547727272727273,-0.001677990959539666
1.547818181818182,-1.723082386885666E-4
1.547909090909091,-0.003530845325598915
1.548,-0.002799107984490755
1.548090909090909,-2.787966681394417E-5
1.548181818181818,-0.004123807918362726
1.548272727272727,-0.004475752793672489
1.548363636363636,-2.009891584468162E-5
1.548454545454546,-0.004860570043780662
1.548545454545455,-0.007135641060307476
1.548636363636364,-3.093107677311881E-4
1.548727272727273,-0.005828250896859367
1.548818181818182,-0.01177465905420594
1.548909090909091,-0.001408915525685355
1.549,-0.007039557818025064
1.549090909090909,-0.02102840435189655
1.549181818181818,-0.005520371770240161
1.549272727272727,-0.007721818969686075
1.549363636363637,-0.0430333342733557
1.549454545454545,-0.02711381118685387
1.549545454545455,-0.002115656443564149
1.549636363636364,-0.09356987670256652
1.549727272727273,-0.2407507345782648
1.549818181818182,-0.4994240035800572
1.549909090909091,-0.1018307008738535
1.55,-100.0
1.550090909090909,-0.09995584116900035
1.550181818181818,-0.5021793766215502
1.550272727272727,-0.2414030826054709
1.550363636363636,-0.08944732244206956
1.550454545454546,-9.565798678454777E-4
1.550545454545455,-0.03153935512933267
1.550636363636364,-0.04166430830457873
1.550727272727273,-0.004336743977471961
1.550818181818182,-0.009493035408033963
1.550909090909091,-0.02106276069535953
1.551,-0.003095778192289997
1.551090909090909,-0.004904229133578808
1.551181818181818,-0.01245882787882084
1.551272727272727,-0.001757160793894048
1.551363636363637,-0.003470057704601444
1.551454545454545,-0.008112978655336164
1.551545454545455,-8.494620857668682E-4
1.551636363636364,-0.002923902308667995
1.551727272727273,-0.005545821745096267
1.551818181818182,-3.104376168117498E-4
1.551909090909091,-0.002688953514687408
1.552,-0.003831198038864163
1.552090909090909,-5.090960186593302E-5
1.552181818181818,-0.002555937866873567
1.552272727272727,-0.002580460753792547
1.552363636363636,-6.010733551287616E-6
1.552454545454546,-0.002422911275117473
1.552545454545455,-0.001624884343876191
1.552636363636364,-1.241082914810696E-4
1.552727272727273,-0.002230718852624545
1.552818181818182,-8.984753445182652E-4
1.552909090909091,-3.529801100978367E-4
1.553,-0.001947945999786614
1.553090909090909,-3.850997368553344E-4
1.553181818181818,-6.316259226418346E-4
1.553272727272727,-0.001571072693702949
1.553363636363637,-8.696742411173119E-5
1.553454545454545,-8.898291422355399E-4
1.553545454545455,-0.001127747859148813
1.553636363636364,-4.155767342640185E-7
1.553727272727273,-0.001056651177612352
1.553818181818182,-6.759199943501096E-4
1.553909090909091,-9.664209984022047E-5
1.554,-0.001077197618997208
1.554090909090909,-2.933964167526066E-4
1.554181818181818,-3.111332858934897E-4
1.554272727272727,-9.333118644060289E-4
1.554363636363636,-5.559871002840968E-5
1.554454545454546,-5.479555180742658E-4
1.554545454545455,-6.593221808058975E-4
1.554636363636364,-5.266801682042996E-6
1.554727272727273,-7.028372644367301E-4
1.554818181818182,-3.413214420562508E-4
1.554909090909091,-1.255337520819318E-4
1.555,-7.012131880552276E-4
1.555090909090909,-9.147276412290805E-5
1.555181818181818,-3.330346286563099E-4
1.555272727272727,-5.361097956199473E-4
1.555363636363637,-6.14368593469307E-9
1.555454545454545,-5.044956796545532E-4
1.555545454545455,-2.823552513820552E-4
1.555636363636364,-8.443758773971911E-5
1.555727272727273,-5.346297079669498E-4
1.555818181818182,-6.747909647758134E-5
1.555909090909091,-2.681882733186561E-4
1.556,-3.992088402162543E-4
1.556090909090909,-1.75127050333473E-6
1.556181818181818,-4.149032049072478E-4
1.556272727272727,-1.802447770769851E-4
1.556363636363636,-1.031586473701923E-4
1.556454545454546,-4.128291682063755E-4
1.556545454545455,-2.085983965402411E-5
1.556636363636364,-2.737827230172975E-4
1.556727272727273,-2.589438637521242E-4
1.556818181818182,-2.355363933955023E-5
1.556909090909091,-3.632718947697625E-4
1.557,-7.173786274884717E-5
1.557090909090909,-1.625908933206311E-4
1.557181818181818,-2.889157230957102E-4
1.557272727272727,-7.397425859829955E-7
1.557363636363637,-2.949173938294857E-4
1.557454545454545,-1.151958886362071E-4
1.557545454545455,-9.177066462591155E-5
1.557636363636364,-2.845453837380611E-4
1.557727272727273,-3.297364066817836E-6
1.557818181818182,-2.338436931328022E-4
1.557909090909091,-1.39060700827754E-4
1.558,-5.292940483314449E-5
1.558090909090909,-2.63936999160572E-4
1.558181818181818,-1.114978935672389E-5
1.558272727272727,-1.894376522561727E-4
1.558363636363636,-1.445782406949336E-4
1.558454545454546,-3.450470475183474E-5
1.558545454545455,-2.392647377034997E-4
1.558636363636364,-1.527916148061612E-5
1.558727272727273,-1.620357251248974E-4
1.558818181818182,-1.365601304074154E-4
1.558909090909091,-2.82108008720514E-5
1.559,-2.159240826555974E-4
1.559090909090909,-1.362153906994314E-5
1.559181818181818,-1.486407610089294E-4
1.559272727272727,-1.19049977610763E-4
1.559363636363637,-3.003377486532081E-5
1.559454545454545,-1.94406039742393E-4
1.559545454545455,-7.826773562147765E-6
1.559636363636364,-1.454109306746902E-4
1.559727272727273,-9.459870493143808E-5
1.559818181818182,-3.90753485483394E-5
1.559909090909091,-1.722204907148686E-4
1.56,-1.696636290127502E-6
1.560090909090909,-1.478873789242454E-4
1.560181818181818,-6.535064393266965E-5
1.560272727272727,-5.566967224505723E-5
1.560363636363636,-1.455304505206583E-4
1.560454545454546,-5.273864495803039E-7
1.560545454545455,-1.502488881279664E-4
1.560636363636364,-3.488917851607603E-5
1.560727272727273,-7.901902179994821E-5
1.560818181818182,-1.11160191576746E-4
1.560909090909091,-1.007352317053468E-5
1.561,-1.449582624985135E-4
1.561090909090909,-9.89761444618724E-6
1.561181818181818,-1.045433005601735E-4
1.561272727272727,-6.95854214689783E-5
1.561363636363637,-3.387301613280646E-5
1.561454545454545,-1.244084038687939E-4
1.561545454545455,-1.969892955190091E-8
1.561636363636364,-1.222172267946293E-4
1.561727272727273,-2.827199058736305E-5
1.561818181818182,-6.868666184662378E-5
1.561909090909091,-8.581475334120217E-5
1.562,-1.371685323057885E-5
1.562090909090909,-1.187803822026288E-4
1.562181818181818,-2.295149443006078E-6
1.562272727272727,-1.006105848920628E-4
1.562363636363636,-3.805137767369228E-5
1.562454545454546,-4.953273809258958E-5
1.562545454545455,-8.662523135511401E-5
1.562636363636364,-7.351768202076707E-6
1.562727272727273,-1.081576771910872E-4
1.562818181818182,-3.877704027790298E-6
1.562909090909091,-8.811066169093571E-5
1.563,-3.672143769437743E-5
1.563090909090909,-4.390957969020601E-5
1.563181818181818,-7.802803607447914E-5
1.563272727272727,-7.66319741821742E-6
1.563363636363637,-9.776644563718014E-5
1.563454545454545,-1.989515458298921E-6
1.563545454545455,-8.415930411859872E-5
1.563636363636364,-2.666141899895901E-5
1.563727272727273,-4.835769688737933E-5
1.563818181818182,-6.243305612080549E-5
1.563909090909091,-1.377365623066529E-5
1.564,-8.59167221188567E-5
1.564090909090909,-1.395602193152952E-9
1.564181818181818,-8.406070192998181E-5
1.564272727272727,-1.21022238724096E-5
1.564363636363636,-5.9842103626135E-5
1.564454545454546,-4.021580537888381E-5
1.564545454545455,-2.793660663860232E-5
1.564636363636364,-6.737745221745709E-5
1.564727272727273,-5.003924669095548E-6
1.564818181818182,-7.948390072761126E-5
1.564909090909091,-9.242125461493769E-7
1.565,-7.178005683683883E-5
1.565090909090909,-1.518830667357653E-5
1.565181818181818,-4.947205450343793E-5
1.565272727272727,-3.897601048923122E-5
1.565363636363637,-2.357490704629962E-5
1.565454545454545,-6.058602463961641E-5
1.565545454545455,-5.048830426090047E-6
1.565636363636364,-7.09623310379945E-5
1.565727272727273,-2.253656568814205E-7
1.565818181818182,-6.69080426502651E-5
1.565909090909091,-9.137280187131948E-6
1.566,-5.123392967437926E-5
1.566090909090909,-2.669840174959179E-5
1.566181818181818,-3.056116577355921E-5
1.566272727272727,-4.554469963389168E-5
1.566363636363636,-1.222106252820796E-5
1.566454545454546,-5.904370218673013E-5
1.566545454545455,-1.622042046045077E-6
1.566636363636364,-6.334989479144675E-5
1.566727272727273,-8.830763418648434E-7
1.566818181818182,-5.805579480401945E-5
1.566909090909091,-8.851515510390684E-6
1.567,-4.560596936680986E-5
1.567090909090909,-2.212091310365805E-5
1.567181818181818,-2.999950429916297E-5
1.567272727272727,-3.645748243338269E-5
1.567363636363637,-1.537120687030039E-5
1.567454545454545,-4.809911661106165E-5
1.567545454545455,-4.895466952585808E-6
1.567636363636364,-5.459659072050784E-5
1.567727272727273,-2.22575129309534E-7
1.567818181818182,-5.51025811463206E-5
1.567909090909091,-1.440748307026035E-6
1.568,-5.019654691258099E-5
1.568090909090909,-7.417366109968113E-6
1.568181818181818,-4.142768756779225E-5
1.568272727272727,-1.632249514061063E-5
1.568363636363636,-3.076985706389639E-5
1.568454545454546,-2.615757049157105E-5
1.568545454545455,-2.013921096370661E-5
1.568636363636364,-3.517023485971692E-5
1.568727272727273,-1.105981762042491E-5
1.568818181818182,-4.210287583687941E-5
1.568909090909091,-4.500037546177276E-6
1.569,-4.627716800103959E-5
1.569090909090909,-8.575945210671246E-7
1.569181818181818,-4.755098767525613E-5
1.569272727272727,-4.796105632379233E-8
1.569363636363637,-4.619741970158701E-5
1.569454545454545,-1.645944608030896E-6
1.569545454545455,-4.275329340599464E-5
1.569636363636364,-5.037925081938797E-6
1.569727272727273,-3.787349306501657E-5
1.569818181818182,-9.5554994773244E-6
1.569909090909091,-3.22131529513719E-5
1.57,-1.457521932646925E-5
1.570090909090909,-2.634689959720691E-5
1.570181818181818,-1.958055010292448E-5
1.570272727272727,-2.072467331611229E-5
1.570363636363636,-2.41898842817782E-5
1.570454545454546,-1.565786901307304E-5
1.570545454545455,-2.815844985328129E-5
1.570636363636364,-1.132710845378038E-5
1.570727272727273,-3.136304726560615E-5
1.570818181818182,-7.802940755612543E-6
1.570909090909091,-3.377773758146724E-5
1.571,-5.072172903191994E-6
1.571090909090909,-3.544681541481605E-5
1.571181818181818,-3.064519667316261E-6
1.571272727272727,-3.645935557227898E-5
1.571363636363637,-1.676258150835528E-6
1.571454545454545,-3.692775584091586E-5
1.571545454545455,-7.892525086928441E-7
1.571636363636364,-3.697123640312829E-5
1.571727272727273,-2.84946061056684E-7
1.571818181818182,-3.670425260780235E-5
1.571909090909091,-5.370546735548793E-8
1.572,-3.622918653869585E-5
1.572090909090909,-3.203384946349508E-10
1.572181818181818,-3.563241571562165E-5
1.572272727272727,-4.660315883785854E-8
1.572363636363636,-3.498281297785296E-5
1.572454545454546,-1.320020188567396E-7
1.572545454545455,-3.433182318461782E-5
1.572636363636364,-2.130072992878642E-7
1.572727272727273,-3.371441978823112E-5
1.572818181818182,-2.619593047855895E-7
1.572909090909091,-3.31504234086015E-5
1.573,-2.65687293261203E-7
1.573090909090909,-3.264583810834492E-5
1.573181818181818,-2.242437394443728E-7
1.573272727272727,-3.219401476800522E-5
1.573363636363637,-1.498552999433725E-7
1.573454545454545,-3.177658523481557E-5
1.573545454545455,-6.608771185176963E-8
1.573636363636364,-3.136422420299146E-5
1.573727272727273,-7.116201507249505E-9
1.573818181818182,-3.09173956595769E-5
1.573909090909091,-1.690024004445544E-8
1.574,-3.038732588454777E-5
1.574090909090909,-1.479823541437857E-7
1.574181818181818,-2.971751782253162E-5
1.574272727272727,-4.595680235734612E-7
1.574363636363636,-2.884617099471135E-5
1.574454545454546,-1.014508085129676E-6
1.574545454545455,-2.770988866419619E-5
1.574636363636364,-1.874814760279561E-6
1.574727272727273,-2.624901203945628E-5
1.574818181818182,-3.095419550826559E-6
1.574909090909091,-2.441480033841397E-5
1.575,-4.716055837213076E-6
1.575090909090909,-2.217844063124644E-5
1.575181818181818,-6.751449183473882E-6
1.575272727272727,-1.954150359433271E-5
1.575363636363637,-9.180436618889252E-6
1.575454545454545,-1.654695045958347E-5
1.575545454545455,-1.193521275664569E-5
1.575636363636364,-1.328916807246403E-5
1.575727272727273,-1.489256363295736E-5
1.575818181818182,-9.92083583918728E-6
1.575909090909091,-1.786959810717706E-5
1.576,-6.653847291304028E-6
1.576090909090909,-2.062694684174533E-5
1.576181818181818,-3.751228531443453E-6
1.576272727272727,-2.288243274117466E-5
1.576363636363636,-1.507282732386638E-6
1.576454545454546,-2.433753512454879E-5
1.576545454545455,-2.143306305060825E-7
1.576636363636364,-2.471731502814683E-5
1.576727272727273,-1.166297726337879E-7
1.576818181818182,-2.382168443771531E-5
1.576909090909091,-1.355382993379104E-6
1.577,-2.158210433642649E-5
1.577090909090909,-3.912893351738872E-6
1.577181818181818,-1.81134883048873E-5
1.577272727272727,-7.568138946825656E-6
1.577363636363637,-1.374728266553648E-5
1.577454545454545,-1.187905766964274E-5
1.577545454545455,-9.029890399897093E-6
1.577636363636364,-1.620697350509823E-5
1.577727272727273,-4.672563279116403E-6
1.577818181818182,-1.979414275106009E-5
1.577909090909091,-1.446134276850462E-6
1.578,-2.189520950399584E-5
1.578090909090909,-2.703059270727104E-8
1.578181818181818,-2.194773366787461E-5
1.578272727272727,-8.185627219057745E-7
1.578363636363636,-1.974844971054751E-5
1.578454545454546,-3.789632967857605E-6
1.578545454545455,-1.558575558535646E-5
1.578636363636364,-8.385307170620508E-6
1.578727272727273,-1.027248822533303E-5
1.578818181818182,-1.356232056768348E-5
1.578909090909091,-5.033933413001871E-6
1.579,-1.798095133351399E-5
1.579090909090909,-1.238840984697833E-6
1.579181818181818,-2.034123108799453E-5
1.579272727272727,-1.35422483210523E-8
1.579363636363637,-1.979341070504643E-5
1.579454545454545,-1.838556335317032E-6
1.579545454545455,-1.629780251059062E-5
1.579636363636364,-6.270793443526391E-6
1.579727272727273,-1.078345513794515E-5
1.579818181818182,-1.193550185943954E-5
1.579909090909091,-4.98402636418299E-6
1.58,-1.6870100176329E-5
1.580090909090909,-9.242647432775947E-7
1.580181818181818,-1.917786597537547E-5
1.580272727272727,-1.754373936306487E-7
1.580363636363636,-1.77965089389566E-5
1.580454545454546,-3.142460155385693E-6
1.580545454545455,-1.306993185225959E-5
1.580636363636364,-8.714840179282593E-6
1.580727272727273,-6.807366904511826E-6
1.580818181818182,-1.453940880519186E-5
1.580909090909091,-1.671707409174097E-6
1.581,-1.793660151488892E-5
1.581090909090909,-3.672050665968028E-8
1.581181818181818,-1.715145340165235E-5
1.581272727272727,-2.776600582665058E-6
1.581363636363637,-1.236006798768968E-5
1.581454545454545,-8.620549459817059E-6
1.581545454545455,-5.826646249265174E-6
1.581636363636364,-1.45584713588245E-5
1.581727272727273,-9.328251301734731E-7
1.581818181818182,-1.729586198981499E-5
1.581909090909091,-4.023027760446141E-7
1.582,-1.511666236251127E-5
1.582090909090909,-4.625655465786264E-6
1.582181818181818,-9.09187541003585E-6
1.582272727272727,-1.115526696150574E-5
1.582363636363636,-2.731322468576035E-6
1.582454545454546,-1.593188680876255E-5
1.582545454545455,-2.972732281153992E-11
1.582636363636364,-1.575967059392492E-5
1.582727272727273,-2.733765368579136E-6
1.582818181818182,-1.055577724657842E-5
1.582909090909091,-9.156794851617873E-6
1.583,-3.726929592422715E-6
1.583090909090909,-1.47784264836694E-5
1.583181818181818,-5.72726188472118E-8
1.583272727272727,-1.542173410324672E-5
1.583363636363637,-2.274039327758914E-6
1.583454545454545,-1.041853947965549E-5
1.583545454545455,-8.754052514016892E-6
1.583636363636364,-3.458383638678722E-6
1.583727272727273,-1.441334069035856E-5
1.583818181818182,-7.876689917399185E-9
1.583909090909091,-1.456059561252613E-5
1.584,-2.923276702890753E-6
1.584090909090909,-8.889679667991419E-6
1.584181818181818,-9.780204879592458E-6
1.584272727272727,-2.117512413691246E-6
1.584363636363636,-1.456924503981038E-5
1.584454545454546,-1.797998907268207E-7
1.584545454545455,-1.285618893343574E-5
1.584636363636364,-4.866698976944069E-6
1.584727272727273,-6.04533803818652E-6
1.584818181818182,-1.180360131121972E-5
1.584909090909091,-4.843128624018551E-7
1.585,-1.423447438781065E-5
1.585090909090909,-1.579638565195926E-6
1.585181818181818,-9.594280426803787E-6
1.585272727272727,-8.25366034159762E-6
1.585363636363637,-2.444675316085478E-6
1.585454545454545,-1.359957631143168E-5
1.585545454545455,-1.758927047197083E-7
1.585636363636364,-1.183950778633777E-5
1.585727272727273,-5.220061596651344E-6
1.585818181818182,-4.720932309575091E-6
1.585909090909091,-1.202392361567494E-5
1.586,-5.734433154237207E-8
1.586090909090909,-1.28285123495413E-5
1.586181818181818,-3.14340360970267E-6
1.586272727272727,-6.551405991369103E-6
1.586363636363636,-1.036414169979139E-5
1.586454545454546,-4.92377514142762E-7
1.586545454545455,-1.300245329473987E-5
1.586636363636364,-1.943279410296975E-6
1.586727272727273,-7.68422149665661E-6
1.586818181818182,-9.09010196327132E-6
1.586909090909091,-9.489157513312233E-7
1.587,-1.280135643813345E-5
1.587090909090909,-1.376361503314137E-6
1.587181818181818,-8.13124005075506E-6
1.587272727272727,-8.38061378267438E-6
1.587363636363637,-1.146393107384888E-6
1.587454545454546,-1.250243992994287E-5
1.587545454545455,-1.248296898548044E-6
1.587636363636364,-7.96896465833024E-6
1.587727272727273,-8.260494309496825E-6
1.587818181818182,-1.004178341913069E-6
1.587909090909091,-1.219159820027785E-5
1.588,-1.494321155177487E-6
1.588090909090909,-7.243196123079619E-6
1.588181818181818,-8.678797601886207E-6
1.588272727272727,-5.960751943582061E-7
1.588363636363636,-1.177897239076917E-5
1.588454545454546,-2.17915187541744E-6
1.588545454545455,-5.96789155500133E-6
1.588636363636364,-9.507586383012348E-6
1.588727272727273,-1.44293657775304E-7
1.588818181818182,-1.102773351734585E-5
1.588909090909091,-3.437778533096145E-6
1.589,-4.202872914584431E-6
1.589090909090909,-1.047824887548831E-5
1.589181818181818,-2.952031073452243E-8
1.589272727272727,-9.620927203719493E-6
1.589363636363637,-5.345282741400537E-6
1.589454545454546,-2.193217602944688E-6
1.589545454545455,-1.110686791983394E-5
1.589636363636364,-7.458346515416775E-7
1.589727272727273,-7.324486516129972E-6
1.589818181818182,-7.707079875389373E-6
1.589909090909091,-5.119223053967672E-7
1.59,-1.071568095097431E-5
1.590090909090909,-2.697918086877261E-6
1.590181818181818,-4.280858067149511E-6
1.590272727272727,-9.839383168361704E-6
1.590363636363636,-5.364882420589371E-8
1.590454545454546,-8.704784930025611E-6
1.590545454545455,-5.785327309838194E-6
1.590636363636364,-1.330031228695413E-6
1.590727272727273,-1.056937419036803E-5
1.590818181818182,-1.64908444595252E-6
1.590909090909091,-5.148721451248244E-6
1.591,-8.944064467352739E-6
1.591090909090909,-1.305410091492804E-10
1.591181818181818,-8.799393034311826E-6
1.591272727272727,-5.210868060257232E-6
1.591363636363637,-1.427899418949428E-6
1.591454545454546,-1.020383739008788E-5
1.591545454545455,-1.667205692498163E-6
1.591636363636364,-4.712297380333044E-6
1.591727272727273,-8.911410254835398E-6
1.591818181818182,-3.599731071657528E-8
1.591909090909091,-7.951233041520667E-6
1.592,-5.894128799956232E-6
1.592090909090909,-7.550464577962799E-7
1.592181818181818,-9.68063003114487E-6
1.592272727272727,-2.686245786215686E-6
1.592363636363636,-3.136010334217292E-6
1.592454545454546,-9.411816337312149E-6
1.592545454545455,-5.460736032331393E-7
1.592636363636364,-5.988718983162758E-6
1.592727272727273,-7.546775464145654E-6
1.592818181818182,-2.771956370254886E-8
1.592909090909091,-8.243450476706248E-6
1.593,-4.950466321562369E-6
1.593090909090909,-9.923259281961413E-7
1.593181818181818,-9.302461360243017E-6
1.593272727272727,-2.49738251574994E-6
1.593363636363637,-2.878622434267964E-6
1.593454545454546,-9.08705290242984E-6
1.593545454545455,-7.828904241014829E-7
1.593636363636364,-5.021746267425748E-6
1.593727272727273,-7.887447155132338E-6
1.593818181818182,-3.864944222881755E-8
1.593909090909091,-6.883945576003153E-6
1.594,-6.151817819613631E-6
1.594090909090909,-1.954872726533198E-7
1.594181818181818,-8.155638657598002E-6
1.594272727272727,-4.311242882572952E-6
1.594363636363636,-1.009616044965866E-6
1.594454545454546,-8.750446857423225E-6
1.594545454545455,-2.680115734017072E-6
1.594636363636364,-2.185451480353236E-6
1.594727272727273,-8.742412958723692E-6
1.594818181818182,-1.428151383334376E-6
1.594909090909091,-3.460805291082463E-6
1.595,-8.289194960307E-6
1.595090909090909,-5.996257584142084E-7
1.595181818181818,-4.648059187553273E-6
1.595272727272727,-7.568290833970125E-6
1.595363636363637,-1.532411724088704E-7
1.595454545454546,-5.640773224624047E-6
1.595545454545455,-6.736542403607686E-6
1.595636363636364,-3.173639302357644E-9
1.595727272727273,-6.400063393906326E-6
1.595818181818182,-5.911865803786469E-6
1.595909090909091,-5.110452667605165E-8
1.596,-6.933282505452389E-6
1.596090909090909,-5.170973342173173E-6
1.596181818181818,-2.063989219545149E-7
1.596272727272727,-7.273184093934619E-6
1.596363636363636,-4.55605173761359E-6
1.596454545454546,-3.959013894041312E-7
1.596545454545455,-7.461499572294439E-6
1.596636363636364,-4.084792664018228E-6
1.596727272727273,-5.665219074836008E-7
1.596818181818182,-7.53784571168731E-6
1.596909090909091,-3.760213150253608E-6
1.597,-6.838400531183349E-7
1.597090909090909,-7.533248795661956E-6
1.597181818181818,-3.578463565976662E-6
1.597272727272727,-7.292539453706075E-7
1.597363636363637,-7.467003404587391E-6
1.597454545454546,-3.533993738164002E-6
1.597545454545455,-6.9732086240168E-7
1.597636363636364,-7.345669704819755E-6
1.597727272727273,-3.622051720960684E-6
1.597818181818182,-5.941568410725519E-7
1.597909090909091,-7.163417448014254E-6
1.598,-3.838701894119262E-6
1.598090909090909,-4.371459693668727E-7
1.598181818181818,-6.903436076815457E-6
1.598272727272727,-4.178561546218872E-6
1.598363636363636,-2.557101499877823E-7
1.598454545454546,-6.540620829686627E-6
1.598545454545455,-4.630466735939929E-6
1.598636363636364,-9.241632422259128E-8
1.598727272727273,-6.046126281519306E-6
1.598818181818182,-5.171441995754512E-6
1.598909090909091,-3.201122635174583E-9
1.599,-5.394536551865366E-6
1.599090909090909,-5.759807020204508E-6
1.599181818181818,-5.499355669529034E-8
1.599272727272727,-4.574178065763597E-6
1.599363636363637,-6.329068297812917E-6
1.599454545454546,-3.186814503559561E-7
1.599545454545455,-3.600283367111566E-6
1.599636363636364,-6.785348081586686E-6
1.599727272727273,-8.555402818450509E-7
1.599818181818182,-2.529131262329665E-6
1.599909090909091,-7.012179009063716E-6
1.6,-1.696409208278316E-6
